Módulo (Nivel),Dia de la semana,Tema Principal (Gramática / Estructura),Enfoque Práctico (Para los Tracks de Cotorreo),Columna 1,Columna 2,Columna 3,Columna 4,Estado,Propietario,Fecha de inicio,Fecha de finalización,Warm Up,Core Phase: Input,Core Phase: Output
Basic — B1 Foundation,Lun,Sem 1 — Modal Verbs,"Modal Verbs (Can, Should, Must)",Verbs Pack 1 — Daily Routine & Work,Nouns Pack 1 — Modern Nomad,,WH Questions | Prep. Place,En curso,Israel Martinez,28/4/2026,,presentations,presentations,presentations
Basic — B1 Foundation,Mar,Sem 1 — Modal Verbs,"Modal Verbs (Can, Should, Must)",Verbs Pack 1 — Daily Routine & Work,Nouns Pack 1 — Modern Nomad,,WH Questions | Prep. Place,En curso,Israel Martinez,29/4/2026,,presentations,presentations,presentations
Basic — B1 Foundation,Mie,Sem 1 — Modal Verbs,"Modal Verbs (Can, Should, Must)",Verbs Pack 1 — Daily Routine & Work,Nouns Pack 1 — Modern Nomad,,WH Questions | Prep. Place,En curso,Israel Martinez,30/4/2026,,presentations,presentations,presentations
Basic — B1 Foundation,Jue,Sem 1 — Modal Verbs,"Modal Verbs (Can, Should, Must)",Verbs Pack 1 — Daily Routine & Work,Nouns Pack 1 — Modern Nomad,,WH Questions | Prep. Place,En curso,Israel Martinez,1/5/2026,,presentations,presentations,presentations
Basic — B1 Foundation,Vie,Sem 1 — Modal Verbs,"Modal Verbs (Can, Should, Must)",Verbs Pack 1 — Daily Routine & Work,Nouns Pack 1 — Modern Nomad,,WH Questions | Prep. Place,En curso,Israel Martinez,2/5/2026,,presentations,presentations,presentations
Basic — B1 Foundation,Sat,Sem 1 — Modal Verbs,"Modal Verbs (Can, Should, Must)",Verbs Pack 1 — Daily Routine & Work,Nouns Pack 1 — Modern Nomad,,WH Questions | Prep. Place,En curso,Israel Martinez,3/5/2026,,presentations,presentations,presentations
Basic — B1 Foundation,Lun,Sem 2 — Present Simple,"Present Simple (Do / Does, 3rd person -s)",Verbs Pack 2 — Home & Communication,Nouns Pack 2 — Hungry Traveler,Adj Pack 1 — Personality & Looks,Frequency Adverbs,En curso,Israel Martinez,28/4/2026,,reading,reading,reading
Basic — B1 Foundation,Mar,Sem 2 — Present Simple,"Present Simple (Do / Does, 3rd person -s)",Verbs Pack 2 — Home & Communication,Nouns Pack 2 — Hungry Traveler,Adj Pack 1 — Personality & Looks,Frequency Adverbs,En curso,Israel Martinez,29/4/2026,,reading,reading,reading
Basic — B1 Foundation,Mie,Sem 2 — Present Simple,"Present Simple (Do / Does, 3rd person -s)",Verbs Pack 2 — Home & Communication,Nouns Pack 2 — Hungry Traveler,Adj Pack 1 — Personality & Looks,Frequency Adverbs,En curso,Israel Martinez,30/4/2026,,reading,reading,reading
Basic — B1 Foundation,Jue,Sem 2 — Present Simple,"Present Simple (Do / Does, 3rd person -s)",Verbs Pack 2 — Home & Communication,Nouns Pack 2 — Hungry Traveler,Adj Pack 1 — Personality & Looks,Frequency Adverbs,Sin comenzar,Israel Martinez,1/5/2026,,reading,reading,reading
Basic — B1 Foundation,Vie,Sem 2 — Present Simple,"Present Simple (Do / Does, 3rd person -s)",Verbs Pack 2 — Home & Communication,Nouns Pack 2 — Hungry Traveler,Adj Pack 1 — Personality & Looks,Frequency Adverbs,Sin comenzar,Israel Martinez,2/5/2026,,reading,reading,reading
Basic — B1 Foundation,Sat,Sem 2 — Present Simple,"Present Simple (Do / Does, 3rd person -s)",Verbs Pack 2 — Home & Communication,Nouns Pack 2 — Hungry Traveler,Adj Pack 1 — Personality & Looks,Frequency Adverbs,Sin comenzar,Israel Martinez,3/5/2026,,reading,reading,reading
Basic — B1 Foundation,Lun,Sem 3 — Present Continuous,"Present Continuous (To be + -ing, state verbs)",Verbs Pack 3 — Travel & Conflict,Nouns Pack 3 — Daily Grind,Adj Pack 2 — Feelings & State,"Prep. Time (In, On, At)",Sin comenzar,Israel Martinez,28/4/2026,,listening,listening,listening
Basic — B1 Foundation,Mar,Sem 3 — Present Continuous,"Present Continuous (To be + -ing, state verbs)",Verbs Pack 3 — Travel & Conflict,Nouns Pack 3 — Daily Grind,Adj Pack 2 — Feelings & State,"Prep. Time (In, On, At)",Sin comenzar,Israel Martinez,29/4/2026,,listening,listening,listening
Basic — B1 Foundation,Mie,Sem 3 — Present Continuous,"Present Continuous (To be + -ing, state verbs)",Verbs Pack 3 — Travel & Conflict,Nouns Pack 3 — Daily Grind,Adj Pack 2 — Feelings & State,"Prep. Time (In, On, At)",Sin comenzar,Israel Martinez,30/4/2026,,listening,listening,listening
Basic — B1 Foundation,Jue,Sem 3 — Present Continuous,"Present Continuous (To be + -ing, state verbs)",Verbs Pack 3 — Travel & Conflict,Nouns Pack 3 — Daily Grind,Adj Pack 2 — Feelings & State,"Prep. Time (In, On, At)",Sin comenzar,Israel Martinez,1/5/2026,,listening,listening,listening
Basic — B1 Foundation,Vie,Sem 3 — Present Continuous,"Present Continuous (To be + -ing, state verbs)",Verbs Pack 3 — Travel & Conflict,Nouns Pack 3 — Daily Grind,Adj Pack 2 — Feelings & State,"Prep. Time (In, On, At)",Sin comenzar,Israel Martinez,2/5/2026,,listening,listening,listening
Basic — B1 Foundation,Sat,Sem 3 — Present Continuous,"Present Continuous (To be + -ing, state verbs)",Verbs Pack 3 — Travel & Conflict,Nouns Pack 3 — Daily Grind,Adj Pack 2 — Feelings & State,"Prep. Time (In, On, At)",Sin comenzar,Israel Martinez,3/5/2026,,listening,listening,listening
Basic — B1 Foundation,Lun,Sem 4 — Future Going To,Future — Going to (Plans vs predictions),Verbs Pack 4 — Business & Emotion,Nouns Pack 4 — Urban Chaos,Adj Pack 3 — Places & Vibes,FANBOYS | Subordinating Conj.,Sin comenzar,Israel Martinez,28/4/2026,,flashcards,flashcards,flashcards
Basic — B1 Foundation,Mar,Sem 4 — Future Going To,Future — Going to (Plans vs predictions),Verbs Pack 4 — Business & Emotion,Nouns Pack 4 — Urban Chaos,Adj Pack 3 — Places & Vibes,FANBOYS | Subordinating Conj.,Sin comenzar,Israel Martinez,29/4/2026,,flashcards,flashcards,flashcards
Basic — B1 Foundation,Mie,Sem 4 — Future Going To,Future — Going to (Plans vs predictions),Verbs Pack 4 — Business & Emotion,Nouns Pack 4 — Urban Chaos,Adj Pack 3 — Places & Vibes,FANBOYS | Subordinating Conj.,Sin comenzar,Israel Martinez,30/4/2026,,flashcards,flashcards,flashcards
Basic — B1 Foundation,Jue,Sem 4 — Future Going To,Future — Going to (Plans vs predictions),Verbs Pack 4 — Business & Emotion,Nouns Pack 4 — Urban Chaos,Adj Pack 3 — Places & Vibes,FANBOYS | Subordinating Conj.,Sin comenzar,Israel Martinez,1/5/2026,,flashcards,flashcards,flashcards
Basic — B1 Foundation,Vie,Sem 4 — Future Going To,Future — Going to (Plans vs predictions),Verbs Pack 4 — Business & Emotion,Nouns Pack 4 — Urban Chaos,Adj Pack 3 — Places & Vibes,FANBOYS | Subordinating Conj.,Sin comenzar,Israel Martinez,2/5/2026,,flashcards,flashcards,flashcards
Basic — B1 Foundation,Sat,Sem 4 — Future Going To,Future — Going to (Plans vs predictions),Verbs Pack 4 — Business & Emotion,Nouns Pack 4 — Urban Chaos,Adj Pack 3 — Places & Vibes,FANBOYS | Subordinating Conj.,Sin comenzar,Israel Martinez,3/5/2026,,flashcards,flashcards,flashcards
Basic — B2 Structures,Lun,Sem 1 — Prepositions,"Prepositions (In, On, At + Movement)",Verbs Pack 5 — Action & Strategy,Nouns Pack 5 — Weekend Getaway,Adj Pack 4 — The -ed/-ing Trap,Prep. Movement & Other,Sin comenzar,,28/4/2026,,anagram,anagram,anagram
Basic — B2 Structures,Mar,Sem 1 — Prepositions,"Prepositions (In, On, At + Movement)",Verbs Pack 5 — Action & Strategy,Nouns Pack 5 — Weekend Getaway,Adj Pack 4 — The -ed/-ing Trap,Prep. Movement & Other,Sin comenzar,,29/4/2026,,anagram,anagram,anagram
Basic — B2 Structures,Mie,Sem 1 — Prepositions,"Prepositions (In, On, At + Movement)",Verbs Pack 5 — Action & Strategy,Nouns Pack 5 — Weekend Getaway,Adj Pack 4 — The -ed/-ing Trap,Prep. Movement & Other,Sin comenzar,,30/4/2026,,anagram,anagram,anagram
Basic — B2 Structures,Jue,Sem 1 — Prepositions,"Prepositions (In, On, At + Movement)",Verbs Pack 5 — Action & Strategy,Nouns Pack 5 — Weekend Getaway,Adj Pack 4 — The -ed/-ing Trap,Prep. Movement & Other,Sin comenzar,,1/5/2026,,anagram,anagram,anagram
Basic — B2 Structures,Vie,Sem 1 — Prepositions,"Prepositions (In, On, At + Movement)",Verbs Pack 5 — Action & Strategy,Nouns Pack 5 — Weekend Getaway,Adj Pack 4 — The -ed/-ing Trap,Prep. Movement & Other,Sin comenzar,,2/5/2026,,anagram,anagram,anagram
Basic — B2 Structures,Sat,Sem 1 — Prepositions,"Prepositions (In, On, At + Movement)",Verbs Pack 5 — Action & Strategy,Nouns Pack 5 — Weekend Getaway,Adj Pack 4 — The -ed/-ing Trap,Prep. Movement & Other,Sin comenzar,,3/5/2026,,anagram,anagram,anagram
Basic — B2 Structures,Lun,Sem 2 — Possessives & Object Pronouns,"Possessives & Object Pronouns (Mine, yours, him, her…)",Verbs Pack 6 — Thoughts & Senses,,Adj Pack 5 — Opinions & Taste,Possessive Adj. & Pronouns | Object Pronouns,Sin comenzar,,,,memorama,memorama,memorama
Basic — B2 Structures,Mar,Sem 2 — Possessives & Object Pronouns,"Possessives & Object Pronouns (Mine, yours, him, her…)",Verbs Pack 6 — Thoughts & Senses,,Adj Pack 5 — Opinions & Taste,Possessive Adj. & Pronouns | Object Pronouns,Sin comenzar,,,,memorama,memorama,memorama
Basic — B2 Structures,Mie,Sem 2 — Possessives & Object Pronouns,"Possessives & Object Pronouns (Mine, yours, him, her…)",Verbs Pack 6 — Thoughts & Senses,,Adj Pack 5 — Opinions & Taste,Possessive Adj. & Pronouns | Object Pronouns,Sin comenzar,,,,memorama,memorama,memorama
Basic — B2 Structures,Jue,Sem 2 — Possessives & Object Pronouns,"Possessives & Object Pronouns (Mine, yours, him, her…)",Verbs Pack 6 — Thoughts & Senses,,Adj Pack 5 — Opinions & Taste,Possessive Adj. & Pronouns | Object Pronouns,Sin comenzar,,,,memorama,memorama,memorama
Basic — B2 Structures,Vie,Sem 2 — Possessives & Object Pronouns,"Possessives & Object Pronouns (Mine, yours, him, her…)",Verbs Pack 6 — Thoughts & Senses,,Adj Pack 5 — Opinions & Taste,Possessive Adj. & Pronouns | Object Pronouns,Sin comenzar,,,,memorama,memorama,memorama
Basic — B2 Structures,Sat,Sem 2 — Possessives & Object Pronouns,"Possessives & Object Pronouns (Mine, yours, him, her…)",Verbs Pack 6 — Thoughts & Senses,,Adj Pack 5 — Opinions & Taste,Possessive Adj. & Pronouns | Object Pronouns,Sin comenzar,,,,memorama,memorama,memorama
Basic — B2 Structures,Lun,Sem 3 — Quantifiers,"Quantifiers (Some, Any, Much, Many, A lot)",Verbs Pack 7 — Social & Science,,,Quantifiers | Correlative Conj.,Sin comenzar,,,,emojispell,emojispell,emojispell
Basic — B2 Structures,Mar,Sem 3 — Quantifiers,"Quantifiers (Some, Any, Much, Many, A lot)",Verbs Pack 7 — Social & Science,,,Quantifiers | Correlative Conj.,Sin comenzar,,,,emojispell,emojispell,emojispell
Basic — B2 Structures,Mie,Sem 3 — Quantifiers,"Quantifiers (Some, Any, Much, Many, A lot)",Verbs Pack 7 — Social & Science,,,Quantifiers | Correlative Conj.,Sin comenzar,,,,emojispell,emojispell,emojispell
Basic — B2 Structures,Jue,Sem 3 — Quantifiers,"Quantifiers (Some, Any, Much, Many, A lot)",Verbs Pack 7 — Social & Science,,,Quantifiers | Correlative Conj.,Sin comenzar,,,,emojispell,emojispell,emojispell
Basic — B2 Structures,Vie,Sem 3 — Quantifiers,"Quantifiers (Some, Any, Much, Many, A lot)",Verbs Pack 7 — Social & Science,,,Quantifiers | Correlative Conj.,Sin comenzar,,,,emojispell,emojispell,emojispell
Basic — B2 Structures,Sat,Sem 3 — Quantifiers,"Quantifiers (Some, Any, Much, Many, A lot)",Verbs Pack 7 — Social & Science,,,Quantifiers | Correlative Conj.,Sin comenzar,,,,emojispell,emojispell,emojispell
Basic — B2 Structures,Lun,Sem 4 — Frequency Adverbs + WH Questions,Frequency Adverbs + WH Questions (revisión profunda),Verbs Pack 8 — Corporate & Economy,,,WH Questions (profundización) | Review: Modal + Simple + Continuous,Sin comenzar,,,,match,match,match
Basic — B2 Structures,Mar,Sem 4 — Frequency Adverbs + WH Questions,Frequency Adverbs + WH Questions (revisión profunda),Verbs Pack 8 — Corporate & Economy,,,WH Questions (profundización) | Review: Modal + Simple + Continuous,Sin comenzar,,,,match,match,match
Basic — B2 Structures,Mie,Sem 4 — Frequency Adverbs + WH Questions,Frequency Adverbs + WH Questions (revisión profunda),Verbs Pack 8 — Corporate & Economy,,,WH Questions (profundización) | Review: Modal + Simple + Continuous,Sin comenzar,,,,match,match,match
Basic — B2 Structures,Jue,Sem 4 — Frequency Adverbs + WH Questions,Frequency Adverbs + WH Questions (revisión profunda),Verbs Pack 8 — Corporate & Economy,,,WH Questions (profundización) | Review: Modal + Simple + Continuous,Sin comenzar,,,,match,match,match
Basic — B2 Structures,Vie,Sem 4 — Frequency Adverbs + WH Questions,Frequency Adverbs + WH Questions (revisión profunda),Verbs Pack 8 — Corporate & Economy,,,WH Questions (profundización) | Review: Modal + Simple + Continuous,Sin comenzar,,,,match,match,match
Basic — B2 Structures,Sat,Sem 4 — Frequency Adverbs + WH Questions,Frequency Adverbs + WH Questions (revisión profunda),Verbs Pack 8 — Corporate & Economy,,,WH Questions (profundización) | Review: Modal + Simple + Continuous,Sin comenzar,,,,match,match,match
Basic — B Mix (Consolidación),Lun,Sem 1 — Speaking + Grammar,SIN GRAMÁTICA NUEVA — Review activo B1+B2,Verbs Pack 9 — Medical & Survival,,,"Juegos: Flash Cards, Uno | Cotorreo: Escenarios cotidianos",Sin comenzar,,,,wordcascade,wordcascade,wordcascade
Basic — B Mix (Consolidación),Mar,Sem 1 — Speaking + Grammar,SIN GRAMÁTICA NUEVA — Review activo B1+B3,Verbs Pack 9 — Medical & Survival,,,"Juegos: Flash Cards, Uno | Cotorreo: Escenarios cotidianos",Sin comenzar,,,,wordcascade,wordcascade,wordcascade
Basic — B Mix (Consolidación),Mie,Sem 1 — Speaking + Grammar,SIN GRAMÁTICA NUEVA — Review activo B1+B4,Verbs Pack 9 — Medical & Survival,,,"Juegos: Flash Cards, Uno | Cotorreo: Escenarios cotidianos",Sin comenzar,,,,wordcascade,wordcascade,wordcascade
Basic — B Mix (Consolidación),Jue,Sem 1 — Speaking + Grammar,SIN GRAMÁTICA NUEVA — Review activo B1+B5,Verbs Pack 9 — Medical & Survival,,,"Juegos: Flash Cards, Uno | Cotorreo: Escenarios cotidianos",Sin comenzar,,,,wordcascade,wordcascade,wordcascade
Basic — B Mix (Consolidación),Vie,Sem 1 — Speaking + Grammar,SIN GRAMÁTICA NUEVA — Review activo B1+B6,Verbs Pack 9 — Medical & Survival,,,"Juegos: Flash Cards, Uno | Cotorreo: Escenarios cotidianos",Sin comenzar,,,,wordcascade,wordcascade,wordcascade
Basic — B Mix (Consolidación),Sat,Sem 1 — Speaking + Grammar,SIN GRAMÁTICA NUEVA — Review activo B1+B7,Verbs Pack 9 — Medical & Survival,,,"Juegos: Flash Cards, Uno | Cotorreo: Escenarios cotidianos",Sin comenzar,,,,wordcascade,wordcascade,wordcascade
Basic — B Mix (Consolidación),Lun,Sem 2 — Listening + Vocabulary,,Repaso Packs 1–8,Repaso Packs 1–5,Repaso Packs 1–5,Reading comprensión nivel B | Listening tracks + preguntas,Sin comenzar,,,,wordbuildings,wordbuildings,wordbuildings
Basic — B Mix (Consolidación),Mar,Sem 2 — Listening + Vocabulary,,Repaso Packs 1–9,Repaso Packs 1–6,Repaso Packs 1–6,Reading comprensión nivel B | Listening tracks + preguntas,Sin comenzar,,,,wordbuildings,wordbuildings,wordbuildings
Basic — B Mix (Consolidación),Mie,Sem 2 — Listening + Vocabulary,,Repaso Packs 1–10,Repaso Packs 1–7,Repaso Packs 1–7,Reading comprensión nivel B | Listening tracks + preguntas,Sin comenzar,,,,wordbuildings,wordbuildings,wordbuildings
Basic — B Mix (Consolidación),Jue,Sem 2 — Listening + Vocabulary,,Repaso Packs 1–11,Repaso Packs 1–8,Repaso Packs 1–8,Reading comprensión nivel B | Listening tracks + preguntas,Sin comenzar,,,,wordbuildings,wordbuildings,wordbuildings
Basic — B Mix (Consolidación),Vie,Sem 2 — Listening + Vocabulary,,Repaso Packs 1–12,Repaso Packs 1–9,Repaso Packs 1–9,Reading comprensión nivel B | Listening tracks + preguntas,Sin comenzar,,,,wordbuildings,wordbuildings,wordbuildings
Basic — B Mix (Consolidación),Sat,Sem 2 — Listening + Vocabulary,,Repaso Packs 1–13,Repaso Packs 1–10,Repaso Packs 1–10,Reading comprensión nivel B | Listening tracks + preguntas,Sin comenzar,,,,wordbuildings,wordbuildings,wordbuildings
Basic — B Mix (Consolidación),Lun,Sem 3 — Reading + Writing,,,,,Lecturas nivel B | Lotería / Conversations | Juegos de repaso,Sin comenzar,,,,crossword,crossword,crossword
Basic — B Mix (Consolidación),Mar,Sem 3 — Reading + Writing,,,,,Lecturas nivel B | Lotería / Conversations | Juegos de repaso,Sin comenzar,,,,crossword,crossword,crossword
Basic — B Mix (Consolidación),Mie,Sem 3 — Reading + Writing,,,,,Lecturas nivel B | Lotería / Conversations | Juegos de repaso,Sin comenzar,,,,crossword,crossword,crossword
Basic — B Mix (Consolidación),Jue,Sem 3 — Reading + Writing,,,,,Lecturas nivel B | Lotería / Conversations | Juegos de repaso,Sin comenzar,,,,crossword,crossword,crossword
Basic — B Mix (Consolidación),Vie,Sem 3 — Reading + Writing,,,,,Lecturas nivel B | Lotería / Conversations | Juegos de repaso,Sin comenzar,,,,crossword,crossword,crossword
Basic — B Mix (Consolidación),Sat,Sem 3 — Reading + Writing,,,,,Lecturas nivel B | Lotería / Conversations | Juegos de repaso,Sin comenzar,,,,crossword,crossword,crossword
Basic — B Mix (Consolidación),Lun,Sem 4 — EVALUACIÓN MACRO,Test: grammar B1+B2 completo,Test: Packs 1–9,Test: Packs 1–5,Test: Packs 1–5,Simulacro de conversación | Apruebas → A1 | No → repites B Mix,Sin comenzar,,,,phonechat,phonechat,phonechat
Basic — B Mix (Consolidación),Mar,Sem 4 — EVALUACIÓN MACRO,Test: grammar B1+B2 completo,Test: Packs 1–10,Test: Packs 1–6,Test: Packs 1–6,Simulacro de conversación | Apruebas → A1 | No → repites B Mix,Sin comenzar,,,,phonechat,phonechat,phonechat
Basic — B Mix (Consolidación),Mie,Sem 4 — EVALUACIÓN MACRO,Test: grammar B1+B2 completo,Test: Packs 1–11,Test: Packs 1–7,Test: Packs 1–7,Simulacro de conversación | Apruebas → A1 | No → repites B Mix,Sin comenzar,,,,phonechat,phonechat,phonechat
Basic — B Mix (Consolidación),Jue,Sem 4 — EVALUACIÓN MACRO,Test: grammar B1+B2 completo,Test: Packs 1–12,Test: Packs 1–8,Test: Packs 1–8,Simulacro de conversación | Apruebas → A1 | No → repites B Mix,Sin comenzar,,,,phonechat,phonechat,phonechat
Basic — B Mix (Consolidación),Vie,Sem 4 — EVALUACIÓN MACRO,Test: grammar B1+B2 completo,Test: Packs 1–13,Test: Packs 1–9,Test: Packs 1–9,Simulacro de conversación | Apruebas → A1 | No → repites B Mix,Sin comenzar,,,,phonechat,phonechat,phonechat
Basic — B Mix (Consolidación),Sat,Sem 4 — EVALUACIÓN MACRO,Test: grammar B1+B2 completo,Test: Packs 1–14,Test: Packs 1–10,Test: Packs 1–10,Simulacro de conversación | Apruebas → A1 | No → repites B Mix,Sin comenzar,,,,phonechat,phonechat,phonechat
Advanced — A1 Foundation,Lun,Sem 1 — Past Simple,Past Simple (Regular / Irregular),Irregular Verbs A–F | Regular /t/ sound,Nouns Pack 1 — Success & Failure,,Possessive Nouns,Sin comenzar,,,,voicereply,voicereply,voicereply
Advanced — A1 Foundation,Mar,Sem 1 — Past Simple,Past Simple (Regular / Irregular),Irregular Verbs A–F | Regular /t/ sound,Nouns Pack 1 — Success & Failure,,Possessive Nouns,Sin comenzar,,,,voicereply,voicereply,voicereply
Advanced — A1 Foundation,Mie,Sem 1 — Past Simple,Past Simple (Regular / Irregular),Irregular Verbs A–F | Regular /t/ sound,Nouns Pack 1 — Success & Failure,,Possessive Nouns,Sin comenzar,,,,voicereply,voicereply,voicereply
Advanced — A1 Foundation,Jue,Sem 1 — Past Simple,Past Simple (Regular / Irregular),Irregular Verbs A–F | Regular /t/ sound,Nouns Pack 1 — Success & Failure,,Possessive Nouns,Sin comenzar,,,,voicereply,voicereply,voicereply
Advanced — A1 Foundation,Vie,Sem 1 — Past Simple,Past Simple (Regular / Irregular),Irregular Verbs A–F | Regular /t/ sound,Nouns Pack 1 — Success & Failure,,Possessive Nouns,Sin comenzar,,,,voicereply,voicereply,voicereply
Advanced — A1 Foundation,Sat,Sem 1 — Past Simple,Past Simple (Regular / Irregular),Irregular Verbs A–F | Regular /t/ sound,Nouns Pack 1 — Success & Failure,,Possessive Nouns,Sin comenzar,,,,voicereply,voicereply,voicereply
Advanced — A1 Foundation,Lun,Sem 2 — Second Conditional,Second Conditional (If I were…),Irregular Verbs G–M | Regular /d/ sound,Nouns Pack 2 — Truth & Lies,Short & Long Comparatives,,Sin comenzar,,,,uno,uno,uno
Advanced — A1 Foundation,Mar,Sem 2 — Second Conditional,Second Conditional (If I were…),Irregular Verbs G–M | Regular /d/ sound,Nouns Pack 2 — Truth & Lies,Short & Long Comparatives,,Sin comenzar,,,,uno,uno,uno
Advanced — A1 Foundation,Mie,Sem 2 — Second Conditional,Second Conditional (If I were…),Irregular Verbs G–M | Regular /d/ sound,Nouns Pack 2 — Truth & Lies,Short & Long Comparatives,,Sin comenzar,,,,uno,uno,uno
Advanced — A1 Foundation,Jue,Sem 2 — Second Conditional,Second Conditional (If I were…),Irregular Verbs G–M | Regular /d/ sound,Nouns Pack 2 — Truth & Lies,Short & Long Comparatives,,Sin comenzar,,,,uno,uno,uno
Advanced — A1 Foundation,Vie,Sem 2 — Second Conditional,Second Conditional (If I were…),Irregular Verbs G–M | Regular /d/ sound,Nouns Pack 2 — Truth & Lies,Short & Long Comparatives,,Sin comenzar,,,,uno,uno,uno
Advanced — A1 Foundation,Sat,Sem 2 — Second Conditional,Second Conditional (If I were…),Irregular Verbs G–M | Regular /d/ sound,Nouns Pack 2 — Truth & Lies,Short & Long Comparatives,,Sin comenzar,,,,uno,uno,uno
Advanced — A1 Foundation,Lun,Sem 3 — Past Continuous,Past Continuous (was/were + -ing),Irregular Verbs R–S | Regular /ɪd/ sound,Nouns Pack 3 — Media & Entertainment,,Used to / Use to (intro),,,,,lingomatch,lingomatch,lingomatch
Advanced — A1 Foundation,Mar,Sem 3 — Past Continuous,Past Continuous (was/were + -ing),Irregular Verbs R–S | Regular /ɪd/ sound,Nouns Pack 3 — Media & Entertainment,,Used to / Use to (intro),,,,,lingomatch,lingomatch,lingomatch
Advanced — A1 Foundation,Mie,Sem 3 — Past Continuous,Past Continuous (was/were + -ing),Irregular Verbs R–S | Regular /ɪd/ sound,Nouns Pack 3 — Media & Entertainment,,Used to / Use to (intro),,,,,lingomatch,lingomatch,lingomatch
Advanced — A1 Foundation,Jue,Sem 3 — Past Continuous,Past Continuous (was/were + -ing),Irregular Verbs R–S | Regular /ɪd/ sound,Nouns Pack 3 — Media & Entertainment,,Used to / Use to (intro),,,,,lingomatch,lingomatch,lingomatch
Advanced — A1 Foundation,Vie,Sem 3 — Past Continuous,Past Continuous (was/were + -ing),Irregular Verbs R–S | Regular /ɪd/ sound,Nouns Pack 3 — Media & Entertainment,,Used to / Use to (intro),,,,,lingomatch,lingomatch,lingomatch
Advanced — A1 Foundation,Sat,Sem 3 — Past Continuous,Past Continuous (was/were + -ing),Irregular Verbs R–S | Regular /ɪd/ sound,Nouns Pack 3 — Media & Entertainment,,Used to / Use to (intro),,,,,lingomatch,lingomatch,lingomatch
Advanced — A1 Foundation,Lun,Sem 4 — Past Future Intention,Past Future Intention (Was going to),Irregular Verbs T–W,Nouns Pack 4 — Compound Nouns,Irregular Comparatives & Superlatives,Idiomatic Expressions (intro),,,,,audiotranslator,audiotranslator,audiotranslator
Advanced — A1 Foundation,Mar,Sem 4 — Past Future Intention,Past Future Intention (Was going to),Irregular Verbs T–W,Nouns Pack 4 — Compound Nouns,Irregular Comparatives & Superlatives,Idiomatic Expressions (intro),,,,,audiotranslator,audiotranslator,audiotranslator
Advanced — A1 Foundation,Mie,Sem 4 — Past Future Intention,Past Future Intention (Was going to),Irregular Verbs T–W,Nouns Pack 4 — Compound Nouns,Irregular Comparatives & Superlatives,Idiomatic Expressions (intro),,,,,audiotranslator,audiotranslator,audiotranslator
Advanced — A1 Foundation,Jue,Sem 4 — Past Future Intention,Past Future Intention (Was going to),Irregular Verbs T–W,Nouns Pack 4 — Compound Nouns,Irregular Comparatives & Superlatives,Idiomatic Expressions (intro),,,,,audiotranslator,audiotranslator,audiotranslator
Advanced — A1 Foundation,Vie,Sem 4 — Past Future Intention,Past Future Intention (Was going to),Irregular Verbs T–W,Nouns Pack 4 — Compound Nouns,Irregular Comparatives & Superlatives,Idiomatic Expressions (intro),,,,,audiotranslator,audiotranslator,audiotranslator
Advanced — A1 Foundation,Sat,Sem 4 — Past Future Intention,Past Future Intention (Was going to),Irregular Verbs T–W,Nouns Pack 4 — Compound Nouns,Irregular Comparatives & Superlatives,Idiomatic Expressions (intro),,,,,audiotranslator,audiotranslator,audiotranslator
Advanced — A2 Structures,Lun,Sem 1 — Used to / Use to,Used to / Use to (Hábitos pasados vs presente),Phrasal Verbs (intro),Nouns Pack 5 — Environment & Science,,Comparative Rules,,,,,connect4,connect4,connect4
Advanced — A2 Structures,Mar,Sem 1 — Used to / Use to,Used to / Use to (Hábitos pasados vs presente),Phrasal Verbs (intro),Nouns Pack 5 — Environment & Science,,Comparative Rules,,,,,connect5,connect5,connect5
Advanced — A2 Structures,Mie,Sem 1 — Used to / Use to,Used to / Use to (Hábitos pasados vs presente),Phrasal Verbs (intro),Nouns Pack 5 — Environment & Science,,Comparative Rules,,,,,connect6,connect6,connect6
Advanced — A2 Structures,Jue,Sem 1 — Used to / Use to,Used to / Use to (Hábitos pasados vs presente),Phrasal Verbs (intro),Nouns Pack 5 — Environment & Science,,Comparative Rules,,,,,connect7,connect7,connect7
Advanced — A2 Structures,Vie,Sem 1 — Used to / Use to,Used to / Use to (Hábitos pasados vs presente),Phrasal Verbs (intro),Nouns Pack 5 — Environment & Science,,Comparative Rules,,,,,connect8,connect8,connect8
Advanced — A2 Structures,Sat,Sem 1 — Used to / Use to,Used to / Use to (Hábitos pasados vs presente),Phrasal Verbs (intro),Nouns Pack 5 — Environment & Science,,Comparative Rules,,,,,connect9,connect9,connect9
Advanced — A2 Structures,Lun,Sem 2 — Comparatives & Superlatives,"Comparatives & Superlatives (Short, long, irregular)",Phrasal Verbs — uso en contexto,,Superlatives (aplicados),Superlative Rules,,,,,periplo-party,periplo-party,periplo-party
Advanced — A2 Structures,Mar,Sem 2 — Comparatives & Superlatives,"Comparatives & Superlatives (Short, long, irregular)",Phrasal Verbs — uso en contexto,,Superlatives (aplicados),Superlative Rules,,,,,periplo-party,periplo-party,periplo-party
Advanced — A2 Structures,Mie,Sem 2 — Comparatives & Superlatives,"Comparatives & Superlatives (Short, long, irregular)",Phrasal Verbs — uso en contexto,,Superlatives (aplicados),Superlative Rules,,,,,periplo-party,periplo-party,periplo-party
Advanced — A2 Structures,Jue,Sem 2 — Comparatives & Superlatives,"Comparatives & Superlatives (Short, long, irregular)",Phrasal Verbs — uso en contexto,,Superlatives (aplicados),Superlative Rules,,,,,periplo-party,periplo-party,periplo-party
Advanced — A2 Structures,Vie,Sem 2 — Comparatives & Superlatives,"Comparatives & Superlatives (Short, long, irregular)",Phrasal Verbs — uso en contexto,,Superlatives (aplicados),Superlative Rules,,,,,periplo-party,periplo-party,periplo-party
Advanced — A2 Structures,Sat,Sem 2 — Comparatives & Superlatives,"Comparatives & Superlatives (Short, long, irregular)",Phrasal Verbs — uso en contexto,,Superlatives (aplicados),Superlative Rules,,,,,periplo-party,periplo-party,periplo-party
Advanced — A2 Structures,Lun,Sem 3 — Relative Clauses,"Relative Clauses (Who, which, that, where)",,,,"Modals of Possibility | Relative Clauses profundización | Cotorreo: Describir personas, misterios",,,,,neverever,neverever,neverever
Advanced — A2 Structures,Mar,Sem 3 — Relative Clauses,"Relative Clauses (Who, which, that, where)",,,,"Modals of Possibility | Relative Clauses profundización | Cotorreo: Describir personas, misterios",,,,,neverever,neverever,neverever
Advanced — A2 Structures,Mie,Sem 3 — Relative Clauses,"Relative Clauses (Who, which, that, where)",,,,"Modals of Possibility | Relative Clauses profundización | Cotorreo: Describir personas, misterios",,,,,neverever,neverever,neverever
Advanced — A2 Structures,Jue,Sem 3 — Relative Clauses,"Relative Clauses (Who, which, that, where)",,,,"Modals of Possibility | Relative Clauses profundización | Cotorreo: Describir personas, misterios",,,,,neverever,neverever,neverever
Advanced — A2 Structures,Vie,Sem 3 — Relative Clauses,"Relative Clauses (Who, which, that, where)",,,,"Modals of Possibility | Relative Clauses profundización | Cotorreo: Describir personas, misterios",,,,,neverever,neverever,neverever
Advanced — A2 Structures,Sat,Sem 3 — Relative Clauses,"Relative Clauses (Who, which, that, where)",,,,"Modals of Possibility | Relative Clauses profundización | Cotorreo: Describir personas, misterios",,,,,neverever,neverever,neverever
Advanced — A2 Structures,Lun,Sem 4 — Passive Voice,Passive Voice (Present / Past Passive),,,,Passive Voice estructuras | Reading: Shocking Facts | Review: Irregular Verbs A–W completo,,,,,talktime,talktime,talktime
Advanced — A2 Structures,Mar,Sem 4 — Passive Voice,Passive Voice (Present / Past Passive),,,,Passive Voice estructuras | Reading: Shocking Facts | Review: Irregular Verbs A–W completo,,,,,talktime,talktime,talktime
Advanced — A2 Structures,Mie,Sem 4 — Passive Voice,Passive Voice (Present / Past Passive),,,,Passive Voice estructuras | Reading: Shocking Facts | Review: Irregular Verbs A–W completo,,,,,talktime,talktime,talktime
Advanced — A2 Structures,Jue,Sem 4 — Passive Voice,Passive Voice (Present / Past Passive),,,,Passive Voice estructuras | Reading: Shocking Facts | Review: Irregular Verbs A–W completo,,,,,talktime,talktime,talktime
Advanced — A2 Structures,Vie,Sem 4 — Passive Voice,Passive Voice (Present / Past Passive),,,,Passive Voice estructuras | Reading: Shocking Facts | Review: Irregular Verbs A–W completo,,,,,talktime,talktime,talktime
Advanced — A2 Structures,Sat,Sem 4 — Passive Voice,Passive Voice (Present / Past Passive),,,,Passive Voice estructuras | Reading: Shocking Facts | Review: Irregular Verbs A–W completo,,,,,talktime,talktime,talktime
Advanced — A Mix (Consolidación),Lun,Sem 1 — Speaking + Past Tenses,SIN GRAMÁTICA NUEVA — Review activo A1+A2,,,,"Juegos: Anécdotas, coartadas, crímenes | Cotorreo: Historias del pasado",,,,,,,
Advanced — A Mix (Consolidación),Mar,Sem 1 — Speaking + Past Tenses,SIN GRAMÁTICA NUEVA — Review activo A1+A3,,,,"Juegos: Anécdotas, coartadas, crímenes | Cotorreo: Historias del pasado",,,,,,,
Advanced — A Mix (Consolidación),Mie,Sem 1 — Speaking + Past Tenses,SIN GRAMÁTICA NUEVA — Review activo A1+A4,,,,"Juegos: Anécdotas, coartadas, crímenes | Cotorreo: Historias del pasado",,,,,,,
Advanced — A Mix (Consolidación),Jue,Sem 1 — Speaking + Past Tenses,SIN GRAMÁTICA NUEVA — Review activo A1+A5,,,,"Juegos: Anécdotas, coartadas, crímenes | Cotorreo: Historias del pasado",,,,,,,
Advanced — A Mix (Consolidación),Vie,Sem 1 — Speaking + Past Tenses,SIN GRAMÁTICA NUEVA — Review activo A1+A6,,,,"Juegos: Anécdotas, coartadas, crímenes | Cotorreo: Historias del pasado",,,,,,,
Advanced — A Mix (Consolidación),Sat,Sem 1 — Speaking + Past Tenses,SIN GRAMÁTICA NUEVA — Review activo A1+A7,,,,"Juegos: Anécdotas, coartadas, crímenes | Cotorreo: Historias del pasado",,,,,,,
Advanced — A Mix (Consolidación),Lun,Sem 2 — Listening + Conditionals,,,,,"Listening tracks nivel A | Dilemas morales, escenarios hipotéticos",,,,,,,
Advanced — A Mix (Consolidación),Mar,,,,,,,,,,,,,
Advanced — A Mix (Consolidación),Mie,,,,,,,,,,,,,
Advanced — A Mix (Consolidación),Jue,,,,,,,,,,,,,
Advanced — A Mix (Consolidación),Vie,,,,,,,,,,,,,
Advanced — A Mix (Consolidación),Sat,,,,,,,,,,,,,
Advanced — A Mix (Consolidación),Lun,Sem 3 — Reading + Passive,,,,,"Lecturas: noticias, ciencia, inventos | Lotería avanzada",,,,,,,
Advanced — A Mix (Consolidación),Mar,,,,,,,,,,,,,
Advanced — A Mix (Consolidación),Mie,,,,,,,,,,,,,
Advanced — A Mix (Consolidación),Jue,,,,,,,,,,,,,
Advanced — A Mix (Consolidación),Vie,,,,,,,,,,,,,
Advanced — A Mix (Consolidación),Sat,,,,,,,,,,,,,
Advanced — A Mix (Consolidación),Lun,Sem 4 — EVALUACIÓN MACRO,Test: grammar A1+A2 completo,Test: Irregular + Phrasal Verbs,Test: Noun Packs 1–5 Advanced,,Apruebas → P1 | No → repites A Mix,,,,,,,
Advanced — A Mix (Consolidación),Mar,,,,,,,,,,,,,
Advanced — A Mix (Consolidación),Mie,,,,,,,,,,,,,
Advanced — A Mix (Consolidación),Jue,,,,,,,,,,,,,
Advanced — A Mix (Consolidación),Vie,,,,,,,,,,,,,
Advanced — A Mix (Consolidación),Sat,,,,,,,,,,,,,
Pro — P1 Structures,Lun,Sem 1 — Present Perfect Simple,"Present Perfect Simple (Have + participio, For/Since)",Phrasal Verbs 2 — nivel pro,Nouns Pack 1 — Law & Politics,,Inversion (Never have I…),,,,,,,
Pro — P1 Structures,Mar,,,,,,,,,,,,,
Pro — P1 Structures,Mie,,,,,,,,,,,,,
Pro — P1 Structures,Jue,,,,,,,,,,,,,
Pro — P1 Structures,Vie,,,,,,,,,,,,,
Pro — P1 Structures,Sat,,,,,,,,,,,,,
Pro — P1 Structures,Lun,Sem 2 — Past Perfect,"Past Perfect (Had + participio, secuencia)",Idiomatic Expressions (pro),Nouns Pack 2 — Finance & Economy,,Cleft Sentences (It was X who…),,,,,,,
Pro — P1 Structures,Mar,,,,,,,,,,,,,
Pro — P1 Structures,Mie,,,,,,,,,,,,,
Pro — P1 Structures,Jue,,,,,,,,,,,,,
Pro — P1 Structures,Vie,,,,,,,,,,,,,
Pro — P1 Structures,Sat,,,,,,,,,,,,,
Pro — P1 Structures,Lun,Sem 3 — Perfect Continuous,Perfect Continuous (Have/had been + -ing),Sayings & Proverbs,Nouns Pack 3 — Collective Nouns,,Participle Clauses,,,,,,,
Pro — P1 Structures,Mar,,,,,,,,,,,,,
Pro — P1 Structures,Mie,,,,,,,,,,,,,
Pro — P1 Structures,Jue,,,,,,,,,,,,,
Pro — P1 Structures,Vie,,,,,,,,,,,,,
Pro — P1 Structures,Sat,,,,,,,,,,,,,
Pro — P1 Structures,Lun,Sem 4 — Third Conditional,Third Conditional (If I had… / would have),Advanced Collocations,Nouns Pack 4 — Uncountables,,Advanced Wish & Regret,,,,,,,
Pro — P1 Structures,Mar,,,,,,,,,,,,,
Pro — P1 Structures,Mie,,,,,,,,,,,,,
Pro — P1 Structures,Jue,,,,,,,,,,,,,
Pro — P1 Structures,Vie,,,,,,,,,,,,,
Pro — P1 Structures,Sat,,,,,,,,,,,,,
Pro — P2 Structures,Lun,Sem 1 — Mixed Conditionals,Mixed Conditionals (Pasado → resultado presente),,Nouns Pack 5 — Formal & Academic,Formal Register Adj.,Double Comparatives,,,,,,,
Pro — P2 Structures,Mar,,,,,,,,,,,,,
Pro — P2 Structures,Mie,,,,,,,,,,,,,
Pro — P2 Structures,Jue,,,,,,,,,,,,,
Pro — P2 Structures,Vie,,,,,,,,,,,,,
Pro — P2 Structures,Sat,,,,,,,,,,,,,
Pro — P2 Structures,Lun,Sem 2 — Inversion & Cleft Sentences,Inversion & Cleft Sentences (Estructuras de énfasis),,,Nuance & Tone Adj.,"Ellipsis & Substitution | Cotorreo: Debates, opiniones formales",,,,,,,
Pro — P2 Structures,Mar,,,,,,,,,,,,,
Pro — P2 Structures,Mie,,,,,,,,,,,,,
Pro — P2 Structures,Jue,,,,,,,,,,,,,
Pro — P2 Structures,Vie,,,,,,,,,,,,,
Pro — P2 Structures,Sat,,,,,,,,,,,,,
Pro — P2 Structures,Lun,Sem 3 — Passive Voice avanzada,"Passive Voice avanzada (Modal Passives, Reporting Passives)",Collocations avanzadas en contexto,,,"Discourse Markers & Cohesion | Lectura: noticias, reportajes, opinión",,,,,,,
Pro — P2 Structures,Mar,,,,,,,,,,,,,
Pro — P2 Structures,Mie,,,,,,,,,,,,,
Pro — P2 Structures,Jue,,,,,,,,,,,,,
Pro — P2 Structures,Vie,,,,,,,,,,,,,
Pro — P2 Structures,Sat,,,,,,,,,,,,,
Pro — P2 Structures,Lun,Sem 4 — Subjuntivo & Hedging,"Subjuntivo & Hedging (Register, tono académico/formal)",,,,"Hedging language completo | Writing formal: essays | Listening: podcasts, debates reales",,,,,,,
Pro — P2 Structures,Mar,,,,,,,,,,,,,
Pro — P2 Structures,Mie,,,,,,,,,,,,,
Pro — P2 Structures,Jue,,,,,,,,,,,,,
Pro — P2 Structures,Vie,,,,,,,,,,,,,
Pro — P2 Structures,Sat,,,,,,,,,,,,,
Pro — P Mix (Certificación),Lun,Sem 1 — Fluency & Complex Grammar,SIN GRAMÁTICA NUEVA — Integración total,,,,"Cotorreo: Law, politics, finance | Juegos de alto nivel",,,,,,,
Pro — P Mix (Certificación),Mar,,,,,,,,,,,,,
Pro — P Mix (Certificación),Mie,,,,,,,,,,,,,
Pro — P Mix (Certificación),Jue,,,,,,,,,,,,,
Pro — P Mix (Certificación),Vie,,,,,,,,,,,,,
Pro — P Mix (Certificación),Sat,,,,,,,,,,,,,
Pro — P Mix (Certificación),Lun,Sem 2 — Debate & Opinion,,,,,Listening: podcasts sin ayuda | Textos académicos y formales,,,,,,,
Pro — P Mix (Certificación),Mar,,,,,,,,,,,,,
Pro — P Mix (Certificación),Mie,,,,,,,,,,,,,
Pro — P Mix (Certificación),Jue,,,,,,,,,,,,,
Pro — P Mix (Certificación),Vie,,,,,,,,,,,,,
Pro — P Mix (Certificación),Sat,,,,,,,,,,,,,
Pro — P Mix (Certificación),Lun,Sem 3 — Free Conversation,,,,,Simulacro de conversación real | Presentations espontáneas,,,,,,,
Pro — P Mix (Certificación),Mar,,,,,,,,,,,,,
Pro — P Mix (Certificación),Mie,,,,,,,,,,,,,
Pro — P Mix (Certificación),Jue,,,,,,,,,,,,,
Pro — P Mix (Certificación),Vie,,,,,,,,,,,,,
Pro — P Mix (Certificación),Sat,,,,,,,,,,,,,
Pro — P Mix (Certificación),Lun,Sem 4 — EVALUACIÓN CERTIFICACIÓN,Test integral: grammar B+A+P,Test: todos los Verb Packs,Test: todos los Noun Packs,,Examen de salida = hablas | Apruebas → Certificado Pro,,,,,,,
Pro — P Mix (Certificación),Mar,,,,,,,,,,,,,
Pro — P Mix (Certificación),Mie,,,,,,,,,,,,,
Pro — P Mix (Certificación),Jue,,,,,,,,,,,,,
Pro — P Mix (Certificación),Vie,,,,,,,,,,,,,
Pro — P Mix (Certificación),Sat,,,,,,,,,,,,,